{"gstin":"20AAGCT5841D1ZQ","fp":"052023","filing_typ":"M","gt":0.0,"cur_gt":0.0,"b2b":[{"ctin":"05AAACI7351P1Z9","cfs":"N","inv":[{"val":5900,"itms":[{"num":1800,"itm_det":{"rt":18,"txval":5000,"iamt":900}}],"inv_typ":"R","flag":"U","pos":"05","updby":"S","idt":"23-05-2023","rchrg":"N","cflag":"N","inum":"TIADD-2324-15","chksum":"011fc2aebdfb86b468323e726b046acc84ba81f48b0ca94f82695b8ec56d82bb"},{"val":8850,"itms":[{"num":1800,"itm_det":{"rt":18,"txval":7500,"iamt":1350}}],"inv_typ":"R","flag":"U","pos":"05","updby":"S","idt":"23-05-2023","rchrg":"N","cflag":"N","inum":"TICI-2324-30","chksum":"43d36a1f3d76fe6707116a1082267d0265c86531eb18b59c84b33a293f3079c0"},{"val":8850,"itms":[{"num":1800,"itm_det":{"rt":18,"txval":7500,"iamt":1350}}],"inv_typ":"R","flag":"U","pos":"05","updby":"S","idt":"23-05-2023","rchrg":"N","cflag":"N","inum":"TICI-2324-33","chksum":"b91effbceeb9cc28d739e28383c2f083845b9cef01327109478daa0624163d76"}]},{"ctin":"09AAACI7351P1Z1","cfs":"N","inv":[{"val":44840,"itms":[{"num":1800,"itm_det":{"rt":18,"txval":38000,"iamt":6840}}],"inv_typ":"R","flag":"U","pos":"09","updby":"S","idt":"23-05-2023","rchrg":"N","cflag":"N","inum":"TIADD-2324-14","chksum":"b73e62dc46c4421ec5969a0edfc7b89514dcd0a5c5451127dc89062e1487f8a1"},{"val":59000,"itms":[{"num":1800,"itm_det":{"rt":18,"txval":50000,"iamt":9000}}],"inv_typ":"R","flag":"U","pos":"09","updby":"S","idt":"23-05-2023","rchrg":"N","cflag":"N","inum":"TIADD-2324-13","chksum":"c2f10c7d33be4c3a780866eacae21067bcd9d4cd08dd2c2055152619910cce82"},{"val":79650,"itms":[{"num":1800,"itm_det":{"rt":18,"txval":67500,"iamt":12150}}],"inv_typ":"R","flag":"U","pos":"09","updby":"S","idt":"23-05-2023","rchrg":"N","cflag":"N","inum":"TICI-2324-29","chksum":"30dfdfe98723e293deae44ba3285f614d1b547ffb8ce2e1f042b1550967be02f"},{"val":79650,"itms":[{"num":1800,"itm_det":{"rt":18,"txval":67500,"iamt":12150}}],"inv_typ":"R","flag":"U","pos":"09","updby":"S","idt":"23-05-2023","rchrg":"N","cflag":"N","inum":"TICI-2324-31","chksum":"84066691e5a3dc30ac6990dd496a6ee60ef264f322f9497a8d91871f432c6205"},{"val":8850,"itms":[{"num":1800,"itm_det":{"rt":18,"txval":7500,"iamt":1350}}],"inv_typ":"R","flag":"U","pos":"09","updby":"S","idt":"23-05-2023","rchrg":"N","cflag":"N","inum":"TICI-2324-32","chksum":"15a111ad39d871913ea8f30e040cc8f8d02aee1453db385723b76dac808fc437"}]},{"ctin":"10AAACI7351P1ZI","cfs":"N","inv":[{"val":3540,"itms":[{"num":1800,"itm_det":{"rt":18,"txval":3000,"iamt":540}}],"inv_typ":"R","flag":"U","pos":"10","updby":"S","idt":"04-05-2023","rchrg":"N","cflag":"N","inum":"TIADD-2324-11","chksum":"4e883a9baa890e2da10829257610f9dff50a1579480278fbb771b0bb2b4e45cb"}]},{"ctin":"19AABCB4623J1ZP","cfs":"N","inv":[{"val":110212,"itms":[{"num":1800,"itm_det":{"rt":18,"txval":93400,"iamt":16812}}],"inv_typ":"R","flag":"U","pos":"19","updby":"S","idt":"23-05-2023","rchrg":"N","cflag":"N","inum":"TIVPL/AB/024","chksum":"01d150ebc6a48779632556159eaf4bddcb1ed59a94b2572a234996331b7f374c"}]},{"ctin":"20AAACI7351P1ZH","cfs":"N","inv":[{"val":44250,"itms":[{"num":1800,"itm_det":{"samt":3375,"rt":18,"txval":37500,"camt":3375}}],"inv_typ":"R","flag":"U","pos":"20","updby":"S","idt":"26-05-2023","rchrg":"N","cflag":"N","inum":"TICI-2324-34","chksum":"d0114bfa1793c48fffb954292b682e24928ea013f529b9ff67402552daa048d1"},{"val":10620,"itms":[{"num":1800,"itm_det":{"samt":810,"rt":18,"txval":9000,"camt":810}}],"inv_typ":"R","flag":"U","pos":"20","updby":"S","idt":"26-05-2023","rchrg":"N","cflag":"N","inum":"TIFTI-2324-08","chksum":"0186911c12229b500a54492da9bc5219758beeee1035ffa8d6a97c0381991f3f"},{"val":21240,"itms":[{"num":1800,"itm_det":{"samt":1620,"rt":18,"txval":18000,"camt":1620}}],"inv_typ":"R","flag":"U","pos":"20","updby":"S","idt":"16-05-2023","rchrg":"N","cflag":"N","inum":"TIADD-2324-12","chksum":"3b539dcfa3298d3fb02cc568e24cde0e6eb1d660d060a8cf6885efb7b3c4fba6"}]},{"ctin":"27AABCB4623J1ZS","cfs":"N","inv":[{"val":113280,"itms":[{"num":1800,"itm_det":{"rt":18,"txval":96000,"iamt":17280}}],"inv_typ":"R","flag":"U","pos":"27","updby":"S","idt":"16-05-2023","rchrg":"N","cflag":"N","inum":"TIVPL/AB/023","chksum":"072ca778f7ae6c0dc9ec2a61b76a4912708cce5e13f82d2b85ceff9ce76d72bd"}]},{"ctin":"27AACCM6448H1ZA","cfs":"N","inv":[{"val":281430,"itms":[{"num":1800,"itm_det":{"rt":18,"txval":238500,"iamt":42930}}],"inv_typ":"R","flag":"U","pos":"27","updby":"S","idt":"22-05-2023","rchrg":"N","cflag":"N","inum":"T/PNB-HO/007","chksum":"afde433ecc2a3bf47bf57c444744245025fbc1650e4af664036918dd6bc91216"},{"val":60888,"itms":[{"num":1800,"itm_det":{"rt":18,"txval":51600,"iamt":9288}}],"inv_typ":"R","flag":"U","pos":"27","updby":"S","idt":"31-05-2023","rchrg":"N","cflag":"N","inum":"TIV/PNB/019","chksum":"7148542ed6675ba5fd7c7a5fa8c24fb3ab08d5c19ec951bbab88f0b6546204be"}]},{"ctin":"27AAFCS2530P1Z1","cfs":"N","inv":[{"val":225380,"itms":[{"num":1800,"itm_det":{"rt":18,"txval":191000,"iamt":34380}}],"inv_typ":"R","flag":"U","pos":"27","updby":"S","idt":"12-05-2023","rchrg":"N","cflag":"N","inum":"TIV/SBI/062","chksum":"3122aad6bd1155e7ea689311cc26ea34dda5690c02d04cab297bf4b877cb2339"},{"val":4720,"itms":[{"num":1800,"itm_det":{"rt":18,"txval":4000,"iamt":720}}],"inv_typ":"R","flag":"U","pos":"27","updby":"S","idt":"27-05-2023","rchrg":"N","cflag":"N","inum":"TIV/SBI/063","chksum":"282e5e0449c7cc5cffe267ab1ae438136f95a7c8bcb66ae5700b47ec695bf011"}]},{"ctin":"27AAMCS8857L1ZC","cfs":"N","inv":[{"val":4130,"itms":[{"num":1800,"itm_det":{"rt":18,"txval":3500,"iamt":630}}],"inv_typ":"R","flag":"U","pos":"27","updby":"S","idt":"19-05-2023","rchrg":"N","cflag":"N","inum":"TIV/SBIG/O69","chksum":"d1ea2565fb41171f2332c0adec50f536bf03aa483fb370bb140d102f965e7f42"},{"val":4130,"itms":[{"num":1800,"itm_det":{"rt":18,"txval":3500,"iamt":630}}],"inv_typ":"R","flag":"U","pos":"27","updby":"S","idt":"19-05-2023","rchrg":"N","cflag":"N","inum":"TIV/SBIG/O68","chksum":"0e1129c0cf68025875cdf50181a5f23c4e0035f4f5049a4c4ec7d2524adbb87d"},{"val":1770,"itms":[{"num":1800,"itm_det":{"rt":18,"txval":1500,"iamt":270}}],"inv_typ":"R","flag":"U","pos":"27","updby":"S","idt":"19-05-2023","rchrg":"N","cflag":"N","inum":"TIV/SBIG/O70","chksum":"081c28ec05cdf06ad748bcd6f5e540bfa00b46e6aad47382fe9955614b4fa952"}]}],"fil_dt":"10-06-2023"}