{"gstin":"20AAUCA7296F1ZE","fp":"102023","filing_typ":"M","gt":0.0,"cur_gt":0.0,"b2b":[{"ctin":"20AAGCH0512D1ZK","cfs":"N","inv":[{"itms":[{"num":500,"itm_det":{"samt":956.62,"rt":5,"txval":38264.76,"camt":956.62}}],"val":40178,"inv_typ":"R","flag":"U","pos":"20","updby":"S","idt":"31-10-2023","rchrg":"N","inum":"AKME/23-24/0231","cflag":"N","chksum":"55fce787874e893326c00c3709f107af3532268fe8df369a4a5383b7c7b9aa91"},{"itms":[{"num":500,"itm_det":{"samt":956.62,"rt":5,"txval":38264.76,"camt":956.62}}],"val":40178,"inv_typ":"R","flag":"U","pos":"20","updby":"S","idt":"02-10-2023","rchrg":"N","inum":"AKME/23-24/0207","cflag":"N","chksum":"e18c00204ac9422f4342174582f17a737def0063b5597bb56c14b0ec91ef9519"},{"itms":[{"num":500,"itm_det":{"samt":956.62,"rt":5,"txval":38264.76,"camt":956.62}}],"val":40178,"inv_typ":"R","flag":"U","pos":"20","updby":"S","idt":"02-10-2023","rchrg":"N","inum":"AKME/23-24/0208","cflag":"N","chksum":"0e051b1aae151d3f4c6e57f5a1739cea75c2fd5b731a954f32e6d6d5c3d70b35"},{"itms":[{"num":1200,"itm_det":{"samt":750.96,"rt":12,"txval":12516,"camt":750.96}}],"val":14018,"inv_typ":"R","flag":"U","pos":"20","updby":"S","idt":"17-10-2023","rchrg":"N","inum":"AKME/23-24/0219","cflag":"N","chksum":"13dba1b7134770a37f5ffbbf4ee261bc60f3140fcf78703d975b818ea6a4f797"},{"itms":[{"num":500,"itm_det":{"samt":1242.33,"rt":5,"txval":49693.34,"camt":1242.33}}],"val":52178,"inv_typ":"R","flag":"U","pos":"20","updby":"S","idt":"02-10-2023","rchrg":"N","inum":"AKME/23-24/0209","cflag":"N","chksum":"1f6c285da588f1e6e0bbaf8eac73db790799ac69194e6e6d8ecc9985c543ebb9"},{"itms":[{"num":500,"itm_det":{"samt":2007.5,"rt":5,"txval":80300,"camt":2007.5}},{"num":1200,"itm_det":{"samt":198,"rt":12,"txval":3300,"camt":198}},{"num":1800,"itm_det":{"samt":3168,"rt":18,"txval":35200,"camt":3168}}],"val":129547,"inv_typ":"R","flag":"U","pos":"20","updby":"S","idt":"02-10-2023","rchrg":"N","inum":"AKME/23-24/0210","cflag":"N","chksum":"9bcb0d25d7090ea636036343ae2490382ce64e400ce037af8f60e11663acac3e"},{"itms":[{"num":500,"itm_det":{"samt":1913.24,"rt":5,"txval":76529.52,"camt":1913.24}}],"val":80356,"inv_typ":"R","flag":"U","pos":"20","updby":"S","idt":"31-10-2023","rchrg":"N","inum":"AKME/23-24/0232","cflag":"N","chksum":"59df19bd9e0bdee46732c86952ed2efafb18f478a28f81aec8d2bda70c8b9579"},{"itms":[{"num":500,"itm_det":{"samt":956.62,"rt":5,"txval":38264.76,"camt":956.62}}],"val":40178,"inv_typ":"R","flag":"U","pos":"20","updby":"S","idt":"08-10-2023","rchrg":"N","inum":"AKME/23-24/0211","cflag":"N","chksum":"eccc607be33d1a9afc317a37401ac13b2f5a7c10c7c3f3d0c49fbb9f35fe6109"},{"itms":[{"num":500,"itm_det":{"samt":1913.24,"rt":5,"txval":76529.55,"camt":1913.24}}],"val":80356,"inv_typ":"R","flag":"U","pos":"20","updby":"S","idt":"22-10-2023","rchrg":"N","inum":"AKME/23-24/0222","cflag":"N","chksum":"0bdf34e44eae3db79881e14ff024fe7690f2c93417da004047b413ed414037cc"},{"itms":[{"num":500,"itm_det":{"samt":956.62,"rt":5,"txval":38264.76,"camt":956.62}}],"val":40178,"inv_typ":"R","flag":"U","pos":"20","updby":"S","idt":"09-10-2023","rchrg":"N","inum":"AKME/23-24/0212","cflag":"N","chksum":"4da83f7f4fb298769eca2b36b346e051e91cacf98968190f0467dbace2bf1365"},{"itms":[{"num":500,"itm_det":{"samt":956.62,"rt":5,"txval":38264.76,"camt":956.62}}],"val":40178,"inv_typ":"R","flag":"U","pos":"20","updby":"S","idt":"22-10-2023","rchrg":"N","inum":"AKME/23-24/0223","cflag":"N","chksum":"df74744858c8d82eb7db78d95d67c380ad542f3e61a6d4e2c9ec2a5c52c58870"},{"itms":[{"num":500,"itm_det":{"samt":956.62,"rt":5,"txval":38264.76,"camt":956.62}}],"val":40178,"inv_typ":"R","flag":"U","pos":"20","updby":"S","idt":"10-10-2023","rchrg":"N","inum":"AKME/23-24/0213","cflag":"N","chksum":"239d25fda29a408bc3a2478b17674874e565c4dafa2c17544c1042b209dd078b"},{"itms":[{"num":500,"itm_det":{"samt":956.62,"rt":5,"txval":38264.76,"camt":956.62}}],"val":40178,"inv_typ":"R","flag":"U","pos":"20","updby":"S","idt":"22-10-2023","rchrg":"N","inum":"AKME/23-24/0224","cflag":"N","chksum":"1b855f7369913ad7050b8cd065cf177af7a00d149640b3cab41742492d7e73f4"},{"itms":[{"num":500,"itm_det":{"samt":2007.5,"rt":5,"txval":80300,"camt":2007.5}},{"num":1200,"itm_det":{"samt":198,"rt":12,"txval":3300,"camt":198}},{"num":1800,"itm_det":{"samt":3168,"rt":18,"txval":35200,"camt":3168}}],"val":129547,"inv_typ":"R","flag":"U","pos":"20","updby":"S","idt":"25-10-2023","rchrg":"N","inum":"AKME/23-24/0226","cflag":"N","chksum":"f93faa3148075b9530af327b54a47ac58851db9d337527880b9d30452a902709"}]}],"b2cs":[{"csamt":0,"samt":0,"rt":0,"flag":"N","pos":"20","txval":476.1,"typ":"OE","camt":0,"chksum":"d2ab2a5e4c8c9c89d205389cdca3fb59f6e919a029cfb13191e1f980c23a02e4","iamt":0,"sply_ty":"INTRA"},{"csamt":0,"samt":21254.44,"rt":12,"flag":"N","pos":"20","txval":354240.59,"typ":"OE","camt":21254.44,"chksum":"f83f8c6a2c046b7c6c1ac29dd953b1a1963b7bd2d3b6d1d6a0bdebb27f39ac48","iamt":0,"sply_ty":"INTRA"},{"csamt":0,"samt":3046.34,"rt":18,"flag":"N","pos":"20","txval":33848.18,"typ":"OE","camt":3046.34,"chksum":"d998dc1a165625fef9a3f305d709bc9f68f949638008b5a4b3039e80fad02c6a","iamt":0,"sply_ty":"INTRA"},{"csamt":0,"samt":14868.89,"rt":5,"flag":"N","pos":"20","txval":594755.71,"typ":"OE","camt":14868.89,"chksum":"24a545463680853255951cd46e3f8a292ab33adf0c219a1d553a0fc38a9bd409","iamt":0,"sply_ty":"INTRA"}],"nil":{"inv":[{"expt_amt":0,"nil_amt":89400,"ngsup_amt":0,"sply_ty":"INTRAB2B"},{"expt_amt":0,"nil_amt":153180,"ngsup_amt":0,"sply_ty":"INTRAB2C"},{"expt_amt":0,"nil_amt":0,"ngsup_amt":0,"sply_ty":"INTRB2B"},{"expt_amt":0,"nil_amt":0,"ngsup_amt":0,"sply_ty":"INTRB2C"}],"flag":"N","chksum":"6ba2bfa9d899468e982dfeb73d58a858a353812f81b3e5275f1a6f86d48e12f5"},"fil_dt":"17-11-2023"}